# profile|set_start|topic|relationship_or_talk_type|arc_code|avoid_situation
ETS2023_T01|32|events|customer_clerk|request_constraint_alternative|sports ticket seating upgrade
ETS2023_T01|35|travel_transport|coworkers|plan_constraint_alternative|transport to company luncheon
ETS2023_T01|38|hr_hiring|manager_staff|offer_concern_reassurance|cashier offered management promotion
ETS2023_T01|41|travel_transport|customer_clerk|problem_alternative_compensation|canceled train rebooking
ETS2023_T01|44|logistics_shipping|client_vendor|problem_reason_action|delayed automotive parts shipment
ETS2023_T01|47|sales_marketing|coworkers|update_concern_reassurance|mobile phone launch preparation
ETS2023_T01|50|events|coworkers|problem_solution_action|awards dinner furniture shortage
ETS2023_T01|53|events|coworkers|problem_alternative|conference rooms damaged by water
ETS2023_T01|56|health_admin|coworkers|update_benefit_limitation|patient records software installation
ETS2023_T01|59|manufacturing|coworkers|proposal_constraint_action|developing alternative snack bars
ETS2023_T01|62|travel_transport|customer_clerk|request_constraint_alternative|sold out wildlife boat tour
ETS2023_T01|65|events|customer_clerk|question_constraint_alternative|conference attendee parking reimbursement
ETS2023_T01|68|retail_shopping|customer_clerk|problem_constraint_offer|website failure ordering office equipment
ETS2023_T01|71|events|advertisement|features_event_advice|new cinema opening promotion
ETS2023_T01|74|hotel|telephone_message|request_constraint_offer|ocean facing hotel room request
ETS2023_T01|77|outdoor_city|instructions|welcome_rules_demonstration|forest volunteer tree planting
ETS2023_T01|80|education_training|telephone_message|context_problem_request|missing workshop meal vouchers
ETS2023_T01|83|outdoor_city|tour|summary_reminders_invitation|urban gardening tour conclusion
ETS2023_T01|86|sales_marketing|advertisement|need_benefits_invitation|digital marketing consultation promotion
ETS2023_T01|89|education_training|meeting_excerpt|news_benefit_caveat|aquatic research grant award
ETS2023_T01|92|hr_hiring|workshop_training|welcome_schedule_handoff|solar factory new hire orientation
ETS2023_T01|95|retail_shopping|telephone_message|selection_questions_request|apartment refrigerator delivery inquiry
ETS2023_T01|98|manufacturing|meeting_excerpt|results_revision_deadline|backpack prototype customer testing
ETS2023_T02|32|events|client_vendor|request_constraint_action|charity basketball event photographer
ETS2023_T02|35|logistics_shipping|coworkers|workload_support_priority|packing overnight online orders
ETS2023_T02|38|events|coworkers|options_preference_constraint|corporate retreat closing dinner
ETS2023_T02|41|technology|manager_staff|review_update_handoff|medical software beta development
ETS2023_T02|44|construction_maintenance|client_vendor|feedback_request_referral|bathroom renovation follow up
ETS2023_T02|47|health_admin|customer_clerk|request_requirement_offer|extended prescription for overseas travel
ETS2023_T02|50|retail_shopping|customer_clerk|request_options_referral|school baseball equipment purchase
ETS2023_T02|53|retail_shopping|client_vendor|problem_alternative_acceptance|unavailable corporate luncheon flowers
ETS2023_T02|56|manufacturing|manager_staff|problem_reason_action|prototype motor shipment delay
ETS2023_T02|59|hotel|customer_clerk|question_exception_arrangement|hotel shuttle after airport diversion
ETS2023_T02|62|construction_maintenance|client_vendor|review_preference_revision|apartment kitchen tile selection
ETS2023_T02|65|hotel|customer_clerk|request_options_referral|corporate visitor hotel room booking
ETS2023_T02|68|hr_hiring|coworkers|request_evidence_action|employee service award nomination
ETS2023_T02|71|outdoor_city|advertisement|features_invitation|spring garden attraction promotion
ETS2023_T02|74|hr_hiring|meeting_excerpt|change_benefit_instruction|digital employee performance evaluations
ETS2023_T02|77|logistics_shipping|telephone_message|context_problem_request|broken elevator before furniture move
ETS2023_T02|80|events|announcement|problem_replacement_reassurance|opera singer replacement announcement
ETS2023_T02|83|manufacturing|meeting_excerpt|feedback_recommendation|toy car battery customer feedback
ETS2023_T02|86|retail_shopping|announcement|promotion_rules_invitation|canned goods giveaway promotion
ETS2023_T02|89|construction_maintenance|telephone_message|update_alternative_request|flooring material supply delay
ETS2023_T02|92|outdoor_city|instructions|welcome_purpose_guidance|volunteer bird nesting box installation
ETS2023_T02|95|sales_marketing|meeting_excerpt|results_concern_condition|seasonal dishware sales review
ETS2023_T02|98|hr_hiring|workshop_training|welcome_outlook_products|baseball ticket office orientation
ETS2023_T03|32|events|customer_clerk|request_constraint_alternative|garden show demonstration registration
ETS2023_T03|35|construction_maintenance|coworkers|problem_suggestion_referral|choosing office brickwork repair contractor
ETS2023_T03|38|events|client_vendor|offer_details_instruction|band performance at shopping center
ETS2023_T03|41|events|other|feedback_background_invitation|meeting at popular art exhibition
ETS2023_T03|44|hr_hiring|coworkers|review_evidence_reconsideration|legal assistant candidate comparison
ETS2023_T03|47|hotel|customer_clerk|problem_reason_solution|hotel bathroom renovation noise
ETS2023_T03|50|manufacturing|coworkers|proposal_constraint_tradeoff|voice activated lamp development budget
ETS2023_T03|53|health_admin|coworkers|problem_action_delegation|malfunctioning therapeutic ultrasound equipment
ETS2023_T03|56|finance|coworkers|concern_explanation_revision|shared landscaping bill allocation
ETS2023_T03|59|office|client_vendor|celebration_request_arrangement|business partnership dinner and demonstration
ETS2023_T03|62|events|coworkers|review_requirement_action|catered event cleanup transport
ETS2023_T03|65|events|coworkers|update_offer_guidance|environmental fair game preparation
ETS2023_T03|68|construction_maintenance|client_vendor|concern_reason_action|townhouse construction material shortage
ETS2023_T03|71|retail_shopping|advertisement|features_service_invitation|tea subscription promotion
ETS2023_T03|74|finance|broadcast|topic_introduction_transition|retirement investment radio guest
ETS2023_T03|77|hr_hiring|workshop_training|welcome_roles_instruction|seasonal garden store employee orientation
ETS2023_T03|80|education_training|advertisement|program_benefits_registration|livestock operations training promotion
ETS2023_T03|83|construction_maintenance|telephone_message|finding_responsibility_action|private pipe causing street flooding
ETS2023_T03|86|events|introduction_speech|welcome_background_rules|tennis awards guest introduction
ETS2023_T03|89|travel_transport|weather_traffic|condition_reason_advice|marathon related city traffic congestion
ETS2023_T03|92|health_admin|telephone_message|context_finding_instruction|jewelry left after dental visit
ETS2023_T03|95|manufacturing|meeting_excerpt|problem_comparison_proposal|durable landscaping handcart purchase
ETS2023_T03|98|education_training|workshop_training|review_topic_exercise|sales teamwork training module
ETS2023_T04|32|construction_maintenance|client_vendor|problem_solution_arrangement|scratched bathroom tile repair
ETS2023_T04|35|outdoor_city|coworkers|review_problem_proposal|forest path recycling contamination
ETS2023_T04|38|education_training|coworkers|feedback_gap_action|remote managers training mismatch
ETS2023_T04|41|office|coworkers|confusion_correction_referral|publishing meeting assignment confusion
ETS2023_T04|44|construction_maintenance|coworkers|plan_concern_revision|learning center threatening owl habitat
ETS2023_T04|47|hr_hiring|coworkers|proposal_concern_referral|hiring data entry assistant
ETS2023_T04|50|events|customer_clerk|request_policy_offer|museum tickets during parade disruption
ETS2023_T04|53|sales_marketing|coworkers|review_error_action|incorrect logo on printed brochure
ETS2023_T04|56|office|coworkers|request_workload_offer|meeting room furniture purchase delegation
ETS2023_T04|59|technology|client_vendor|request_scope_concern|website popup support contract
ETS2023_T04|62|logistics_shipping|client_vendor|problem_solution_reason|missing pottery glaze delivery
ETS2023_T04|65|events|coworkers|proposal_details_selection|hotel ballroom conference package
ETS2023_T04|68|logistics_shipping|client_vendor|request_guidance_update|fitness center equipment move
ETS2023_T04|71|events|tour|welcome_background_guidance|sculpture park guided tour
ETS2023_T04|74|travel_transport|podcast|topic_benefits_recommendation|electric pickup truck recommendation
ETS2023_T04|77|retail_shopping|meeting_excerpt|results_reward_request|supermarket weekend opening arrangements
ETS2023_T04|80|construction_maintenance|advertisement|need_services_discount|home heating service promotion
ETS2023_T04|83|manufacturing|meeting_excerpt|progress_safety_update|new cement plant production progress
ETS2023_T04|86|events|announcement|event_features_demonstration|science fiction film marathon
ETS2023_T04|89|technology|meeting_excerpt|context_update_instruction|financial firm security system update
ETS2023_T04|92|dining|podcast|comparison_evaluation_recommendation|comparison of new Italian restaurants
ETS2023_T04|95|events|telephone_message|problem_revision_request|wedding moved indoors for storm
ETS2023_T04|98|manufacturing|introduction_speech|problem_findings_introduction|automobile painting process optimization
ETS2023_T05|32|events|coworkers|confirmation_guidance_offer|poet reading at arts festival
ETS2023_T05|35|sales_marketing|client_vendor|request_concern_arrangement|advertising contract renewal discussion
ETS2023_T05|38|dining|coworkers|concern_explanation_delegation|large cafe carrot delivery
ETS2023_T05|41|health_admin|caller_receptionist|confirmation_instruction_guidance|new dental patient appointment confirmation
ETS2023_T05|44|travel_transport|customer_clerk|request_constraint_action|airline passenger seat change
ETS2023_T05|47|construction_maintenance|client_vendor|plan_change_action|rescheduled construction crane transport
ETS2023_T05|50|technology|manager_staff|change_concern_reassurance|bookstore inventory software rollout
ETS2023_T05|53|media_broadcast|client_vendor|request_arrangement_warning|musical director television interview
ETS2023_T05|56|manufacturing|coworkers|feedback_options_caution|video game music redesign
ETS2023_T05|59|health_admin|coworkers|plan_concern_reassurance|digitizing patient records with temporary staff
ETS2023_T05|62|logistics_shipping|client_vendor|problem_revision_action|missing wholesale tulips and order revision
ETS2023_T05|65|manufacturing|coworkers|complaint_analysis_revision|coffee maker warning light confusion
ETS2023_T05|68|retail_shopping|coworkers|update_feedback_promotion|bakery cookie product relaunch
ETS2023_T05|71|real_estate|telephone_message|proposal_concern_reassurance|restaurant premises recommendation
ETS2023_T05|74|hr_hiring|instructions|role_sequence_guidance|fitness center morning opening duties
ETS2023_T05|77|media_broadcast|broadcast|topic_guest_invitation|meteor shower radio discussion
ETS2023_T05|80|events|introduction_speech|welcome_achievements_presentation|vehicle company anniversary luncheon
ETS2023_T05|83|technology|meeting_excerpt|product_distinction_demonstration|business lunch reservation application
ETS2023_T05|86|construction_maintenance|meeting_excerpt|plan_constraint_revision|window installation material substitution
ETS2023_T05|89|real_estate|recorded_message|routing_change_instruction|apartment laundry facility upgrades
ETS2023_T05|92|real_estate|telephone_message|confirmation_work_schedule|shopping center retail lease preparation
ETS2023_T05|95|retail_shopping|workshop_training|context_rules_review|cashier rewards coupon instructions
ETS2023_T05|98|hr_hiring|meeting_excerpt|welcome_options_vote|insurance staff team building selection
ETS2023_T06|32|finance|customer_clerk|request_reason_alternative|bank account maintenance fee objection
ETS2023_T06|35|events|coworkers|problem_correction_action|wrong restaurant for retirement dinner
ETS2023_T06|38|logistics_shipping|coworkers|problem_reason_compensation|incorrect sofa fabric shipment
ETS2023_T06|41|dining|coworkers|proposal_concern_reassurance|food truck festival permit
ETS2023_T06|44|retail_shopping|customer_clerk|request_assessment_referral|antique frame appraisal and restoration
ETS2023_T06|47|health_admin|coworkers|problem_proposal_action|missed patient appointment reminders
ETS2023_T06|50|construction_maintenance|client_vendor|problem_requirement_action|commercial fishing boat engine repair
ETS2023_T06|53|travel_transport|coworkers|plan_constraint_guidance|conference travel expense reimbursement
ETS2023_T06|56|technology|client_vendor|need_proposal_benefit|park wildlife camera monitoring
ETS2023_T06|59|media_broadcast|coworkers|plan_workload_explanation|council budget radio interview preparation
ETS2023_T06|62|sales_marketing|coworkers|request_review_emphasis|outdoor lighting product media release
ETS2023_T06|65|retail_shopping|client_vendor|request_selection_arrangement|hotel lobby decorative vase purchase
ETS2023_T06|68|travel_transport|customer_clerk|question_options_offer|travel agent evaluating city tours
ETS2023_T06|71|retail_shopping|advertisement|need_features_discount|quiet cooling fan promotion
ETS2023_T06|74|dining|meeting_excerpt|change_benefit_instruction|restaurant digital menu transition
ETS2023_T06|77|sales_marketing|meeting_excerpt|results_credit_reward|beverage advertising campaign bonuses
ETS2023_T06|80|education_training|instructions|welcome_protocol_schedule|ancient manuscript research handling rules
ETS2023_T06|83|media_broadcast|telephone_message|progress_process_caveat|manuscript editing turnaround expectations
ETS2023_T06|86|media_broadcast|podcast|topic_guest_transition|forestry careers podcast guest
ETS2023_T06|89|travel_transport|announcement|welcome_route_change|scenic train trip canceled hike
ETS2023_T06|92|logistics_shipping|announcement|problem_plan_support|port unloading automation modernization
ETS2023_T06|95|events|tour|transition_options_instructions|museum tour free exploration
ETS2023_T06|98|health_admin|telephone_message|confirmation_process_guidance|specialist dental visit preparation
ETS2023_T07|32|construction_maintenance|coworkers|plan_concern_solution|office wall painting schedule
ETS2023_T07|35|dining|coworkers|feedback_problem_action|restaurant short staffed before evening rush
ETS2023_T07|38|technology|client_vendor|welcome_task_offer|expert video game testing visit
ETS2023_T07|41|technology|coworkers|problem_diagnosis_action|office printer paper jams
ETS2023_T07|44|finance|customer_clerk|problem_explanation_instruction|failed automatic electricity bill payment
ETS2023_T07|47|health_admin|client_vendor|need_options_explanation|dental laser equipment purchase
ETS2023_T07|50|construction_maintenance|client_vendor|problem_constraint_request|restaurant dishwasher replacement part shortage
ETS2023_T07|53|construction_maintenance|client_vendor|need_options_assessment|redesigning patient waiting room
ETS2023_T07|56|hr_hiring|interviewer_candidate|question_options_benefits|graphic designer career fair recruitment
ETS2023_T07|59|events|client_vendor|request_details_constraint|lakeside corporate gathering booking
ETS2023_T07|62|construction_maintenance|client_vendor|question_scope_referral|weekend business cleaning service inquiry
ETS2023_T07|65|retail_shopping|customer_clerk|request_selection_offer|vintage family photograph framing
ETS2023_T07|68|sales_marketing|coworkers|request_results_reason|air conditioner model sales review
ETS2023_T07|71|construction_maintenance|meeting_excerpt|news_plan_action|winning municipal renovation contracts
ETS2023_T07|74|technology|advertisement|product_features_trial|mobile video game demonstration
ETS2023_T07|77|logistics_shipping|meeting_excerpt|purpose_rules_reminder|warehouse safety and break policy
ETS2023_T07|80|manufacturing|news_report|news_reasons_event|new regional electronics factory
ETS2023_T07|83|travel_transport|broadcast|news_benefits_cost|cross harbor tunnel opening
ETS2023_T07|86|retail_shopping|meeting_excerpt|change_options_action|phasing out plastic shopping bags
ETS2023_T07|89|finance|telephone_message|completion_request_offer|catering expense spreadsheet setup
ETS2023_T07|92|retail_shopping|meeting_excerpt|need_orders_delegation|fitness facility supply purchases
ETS2023_T07|95|retail_shopping|telephone_message|feedback_order_question|toy vending machine restocking
ETS2023_T07|98|hr_hiring|meeting_excerpt|reminder_benefits_examples|employee fitness goal initiative
ETS2023_T08|32|real_estate|client_vendor|feedback_constraint_alternative|apartment search with commute concerns
ETS2023_T08|35|health_admin|coworkers|update_benefit_arrangement|eye examination equipment delivery training
ETS2023_T08|38|hr_hiring|coworkers|question_encouragement_referral|factory employee internal position change
ETS2023_T08|41|finance|customer_clerk|request_requirement_instruction|business vehicle expansion loan
ETS2023_T08|44|media_broadcast|other|purpose_explanation_request|journalist visiting hydroponic farm
ETS2023_T08|47|construction_maintenance|client_vendor|assessment_concern_check|residential solar panel installation assessment
ETS2023_T08|50|dining|manager_staff|problem_solution_delegation|restaurant refrigerator door left open
ETS2023_T08|53|sales_marketing|coworkers|request_alternative_offer|consumer trends presentation preparation
ETS2023_T08|56|construction_maintenance|coworkers|concern_update_guidance|drywall delivery at construction site
ETS2023_T08|59|health_admin|customer_clerk|problem_reason_alternative|canceled weight lifting class
ETS2023_T08|62|retail_shopping|customer_clerk|request_guidance_promotion|buying discounted winter tires
ETS2023_T08|65|outdoor_city|coworkers|plan_tasks_update|community center reading room conversion
ETS2023_T08|68|dining|customer_clerk|request_options_offer|company holiday party cake purchase
ETS2023_T08|71|media_broadcast|podcast|guest_background_transition|young chess champion podcast interview
ETS2023_T08|74|hr_hiring|introduction_speech|background_benefits_invitation|accounting firm recruitment booth
ETS2023_T08|77|events|announcement|change_information_reminder|theater understudy performance announcement
ETS2023_T08|80|construction_maintenance|telephone_message|problem_priority_schedule|storm debris road clearance
ETS2023_T08|83|health_admin|instructions|purpose_sequence_safety|lifeguard pool chemical balance checks
ETS2023_T08|86|media_broadcast|podcast|purpose_background_details|polar expedition movie director interview
ETS2023_T08|89|construction_maintenance|introduction_speech|welcome_background_ceremony|bridge construction groundbreaking ceremony
ETS2023_T08|92|outdoor_city|tour|welcome_features_advice|archaeological park guided hike
ETS2023_T08|95|finance|meeting_excerpt|review_savings_action|business utility and supplier cost review
ETS2023_T08|98|retail_shopping|advertisement|welcome_demonstration_discount|vegetable steamer trade show demonstration
ETS2023_T09|32|technology|coworkers|problem_request_action|hotel conference projector malfunction
ETS2023_T09|35|construction_maintenance|client_vendor|request_requirement_arrangement|dead residential oak tree removal
ETS2023_T09|38|retail_shopping|customer_clerk|request_constraint_alternative|dress shirt size unavailable locally
ETS2023_T09|41|events|other|question_introduction_guidance|friends visiting crowded art gallery
ETS2023_T09|44|sales_marketing|coworkers|update_concern_emphasis|mobile phone release advertising campaign
ETS2023_T09|47|education_training|coworkers|feedback_hope_reminder|food chemistry conference award aspiration
ETS2023_T09|50|dining|coworkers|problem_revision_action|water outage changing cafe hours
ETS2023_T09|53|health_admin|coworkers|update_benefit_request|healthcare software setup and courier forms
ETS2023_T09|56|travel_transport|coworkers|review_concern_alternative|train maintenance closure proposal
ETS2023_T09|59|finance|customer_clerk|problem_explanation_reassurance|online vehicle payment login failure
ETS2023_T09|62|finance|caller_receptionist|request_options_arrangement|tax advisor appointment scheduling
ETS2023_T09|65|retail_shopping|customer_clerk|request_details_arrangement|custom company logo sweatshirt order
ETS2023_T09|68|events|coworkers|plan_concern_revision|festival band set list change
ETS2023_T09|71|retail_shopping|telephone_message|problem_alternative_request|restaurant floral arrangement supply shortage
ETS2023_T09|74|hr_hiring|advertisement|need_services_trial|job candidate screening service promotion
ETS2023_T09|77|real_estate|telephone_message|context_constraint_request|antique store premises renovation restriction
ETS2023_T09|80|education_training|workshop_training|welcome_curriculum_outlook|commercial truck driver training introduction
ETS2023_T09|83|travel_transport|news_report|event_background_reaction|early bay bridge opening ceremony
ETS2023_T09|86|technology|telephone_message|context_problem_request|bank application project staffing shortage
ETS2023_T09|89|sales_marketing|meeting_excerpt|news_task_action|foreign market expansion data analysis
ETS2023_T09|92|media_broadcast|news_report|news_promises_caution|baseball team ownership change
ETS2023_T09|95|manufacturing|tour|welcome_products_outlook|exercise equipment plant sales staff tour
ETS2023_T09|98|education_training|recorded_message|news_resources_routing|museum teenage coding learning modules
ETS2023_T10|32|retail_shopping|coworkers|problem_alternative_arrangement|delayed hotel floral arrangement supplies
ETS2023_T10|35|health_admin|caller_receptionist|update_confirmation_reminder|late checkup arrival and clinic relocation
ETS2023_T10|38|media_broadcast|coworkers|problem_proposal_task|film leading actor competing offer
ETS2023_T10|41|construction_maintenance|client_vendor|news_background_benefit|landscape design municipal recognition
ETS2023_T10|44|events|coworkers|problem_alternative_action|employee picnic moved indoors for rain
ETS2023_T10|47|health_admin|other|question_assessment_followup|athlete ankle injury recovery check
ETS2023_T10|50|dining|customer_clerk|request_details_reassurance|birthday cake with allergy concern
ETS2023_T10|53|manufacturing|coworkers|news_constraint_incentive|rush brochure printing overtime request
ETS2023_T10|56|construction_maintenance|coworkers|review_progress_action|office energy efficiency improvements
ETS2023_T10|59|construction_maintenance|client_vendor|need_options_inspection|farm river crossing bridge design
ETS2023_T10|62|travel_transport|customer_clerk|question_problem_compensation|delayed flight meal voucher
ETS2023_T10|65|sales_marketing|coworkers|problem_comparison_action|pet food advertising strategy revision
ETS2023_T10|68|travel_transport|coworkers|review_change_revision|tourist restaurant recommendation list update
ETS2023_T10|71|outdoor_city|tour|welcome_advice_schedule|nature park bird watching hike
ETS2023_T10|74|real_estate|telephone_message|problem_request_action|missing house key for listing photos
ETS2023_T10|77|events|instructions|deadline_tasks_reassurance|music festival setup preparation
ETS2023_T10|80|logistics_shipping|announcement|initiative_method_benefit|shipping company ocean carbon initiative
ETS2023_T10|83|media_broadcast|telephone_message|request_background_invitation|scholar writing novel edition introduction
ETS2023_T10|86|office|meeting_excerpt|change_handoff_support|board secretary succession documentation
ETS2023_T10|89|technology|instructions|context_sequence_support|data management software installation guide
ETS2023_T10|92|media_broadcast|meeting_excerpt|proposal_reason_recognition|late night television programming budget
ETS2023_T10|95|retail_shopping|advertisement|product_benefits_promotion|international snack subscription delivery
ETS2023_T10|98|education_training|workshop_training|welcome_features_invitation|online scented candle workshop
ETS2024_T01|32|events|coworkers|feedback_advice|company picnic reimbursement guidance
ETS2024_T01|35|finance|coworkers|review_question_exception|travel reimbursement hotel expense exception
ETS2024_T01|38|logistics_shipping|coworkers|delay_reason_action|cargo ship harbor fog delay
ETS2024_T01|41|dining|customer_clerk|request_arrangement_guidance|business lunch seating and parking
ETS2024_T01|44|retail_shopping|client_vendor|welcome_plan_guidance|compact printer store demonstration
ETS2024_T01|47|manufacturing|manager_staff|results_trend_investigation|bakery product development trends
ETS2024_T01|50|sales_marketing|client_vendor|offer_concern_request|marketing firm freelance project offer
ETS2024_T01|53|logistics_shipping|coworkers|problem_alternative_support|flat catering van tire
ETS2024_T01|56|hr_hiring|other|purpose_background_question|informational interview about journalism career
ETS2024_T01|59|office|coworkers|news_benefits_reassurance|company merger and relocation concerns
ETS2024_T01|62|retail_shopping|customer_clerk|request_selection_instruction|custom sports tournament employee gifts
ETS2024_T01|65|events|coworkers|completion_problem_revision|art exhibit audio guide revision
ETS2024_T01|68|media_broadcast|coworkers|review_topic_impact|offshore wind industry news coverage
ETS2024_T01|71|real_estate|recorded_message|schedule_instruction_consequence|apartment parking lot repaving notice
ETS2024_T01|74|construction_maintenance|podcast|topic_tools_advice|home roof maintenance guidance
ETS2024_T01|77|outdoor_city|tour|conclusion_resources_recommendation|conservatory tour and orchid resources
ETS2024_T01|80|events|introduction_speech|welcome_purpose_support|community center benefit concert
ETS2024_T01|83|education_training|workshop_training|welcome_topic_exercise|business owner time management workshop
ETS2024_T01|86|events|tour|features_background_safety|ancient marketplace archaeological site tour
ETS2024_T01|89|sales_marketing|meeting_excerpt|news_requirements_action|automotive parts advertising contract
ETS2024_T01|92|health_admin|meeting_excerpt|complaints_response_condition|hospital employee break room snacks
ETS2024_T01|95|outdoor_city|introduction_speech|welcome_route_request|renovated municipal park celebration
ETS2024_T01|98|education_training|workshop_training|welcome_topic_invitation|vegetable garden soil testing lecture
ETS2024_T02|32|logistics_shipping|manager_staff|change_reason_assignment|cargo ship storm detour
ETS2024_T02|35|health_admin|customer_clerk|request_options_tour|personal fitness training membership
ETS2024_T02|38|events|coworkers|assessment_plan_deadline|restoring Renaissance landscape painting
ETS2024_T02|41|sales_marketing|coworkers|request_feedback_revision|client marketing presentation format
ETS2024_T02|44|education_training|coworkers|results_prospect_hesitation|successful research experiment career prospects
ETS2024_T02|47|media_broadcast|other|welcome_background_question|local gym owner television interview
ETS2024_T02|50|education_training|manager_staff|welcome_initiatives_resources|marine institute website content assignment
ETS2024_T02|53|finance|coworkers|plan_concern_revision|research budget meeting during partner holiday
ETS2024_T02|56|technology|client_vendor|question_instruction_confirmation|warehouse software inventory alert setting
ETS2024_T02|59|construction_maintenance|coworkers|request_resources_action|garden irrigation installation preparation
ETS2024_T02|62|travel_transport|manager_staff|context_priority_assignment|convention visitor rental vehicle preparation
ETS2024_T02|65|outdoor_city|coworkers|request_update_selection|municipal park tree giveaway
ETS2024_T02|68|dining|customer_clerk|order_benefits_offer|coffee shop loyalty discount inquiry
ETS2024_T02|71|retail_shopping|telephone_message|shipment_gift_request|jewelry order complimentary sample
ETS2024_T02|74|retail_shopping|telephone_message|response_process_option|wedding photo custom framing
ETS2024_T02|77|education_training|workshop_training|welcome_topic_schedule|physical therapy patient training games
ETS2024_T02|80|hr_hiring|advertisement|need_benefits_invitation|oversized cargo driver recruitment
ETS2024_T02|83|dining|telephone_message|news_preparation_reminder|restaurant television filming preparation
ETS2024_T02|86|manufacturing|news_report|news_impact_resources|electric vehicle battery factory development
ETS2024_T02|89|retail_shopping|advertisement|need_features_discount|adjustable desktop organizer promotion
ETS2024_T02|92|media_broadcast|podcast|welcome_news_guest|vegetable cooking podcast guest
ETS2024_T02|95|travel_transport|announcement|update_schedule_instruction|train station renovation and arrivals
ETS2024_T02|98|construction_maintenance|announcement|progress_details_resources|regional airport terminal construction update
ETS2024_T03|32|office|coworkers|change_question_proposal|office move furniture donation
ETS2024_T03|35|media_broadcast|other|welcome_background_request|reporters covering medical trade show
ETS2024_T03|38|technology|coworkers|request_task_instruction|testing online banking website updates
ETS2024_T03|41|travel_transport|customer_clerk|problem_reason_alternative|closed train platform shuttle service
ETS2024_T03|44|finance|client_vendor|need_product_requirement|bicycle storage product investment pitch
ETS2024_T03|47|media_broadcast|coworkers|plan_preparation_invitation|bank director interview filming preparation
ETS2024_T03|50|meetings|coworkers|review_request_revision|expanding financial meeting attendance
ETS2024_T03|53|hotel|customer_clerk|welcome_handoff_details|hotel corporate retreat inspection
ETS2024_T03|56|retail_shopping|coworkers|results_proposal_caution|pineapple peeling machine sales effect
ETS2024_T03|59|health_admin|coworkers|problem_proposal_action|dental appointment cancellation notification software
ETS2024_T03|62|retail_shopping|manager_staff|request_selection_approval|employee appreciation mug purchase
ETS2024_T03|65|media_broadcast|coworkers|review_constraint_revision|film driving scene road closure
ETS2024_T03|68|technology|coworkers|review_problem_action|video game underwater graphics revision
ETS2024_T03|71|construction_maintenance|advertisement|services_reputation_offer|automotive repair appointment promotion
ETS2024_T03|74|sales_marketing|podcast|topic_guest_results|social media product placement discussion
ETS2024_T03|77|office|announcement|change_benefit_choice|office plant delivery and employee choice
ETS2024_T03|80|real_estate|news_report|news_background_transition|abandoned shoe factory redevelopment
ETS2024_T03|83|construction_maintenance|meeting_excerpt|progress_delay_recommendation|delayed bridge replacement public communication
ETS2024_T03|86|education_training|workshop_training|review_tasks_schedule|entrepreneur leadership workshop group activities
ETS2024_T03|89|construction_maintenance|telephone_message|response_options_arrangement|sedan acceleration problem repair inquiry
ETS2024_T03|92|retail_shopping|meeting_excerpt|thanks_arrangements_instruction|furniture showroom staffing and uniforms
ETS2024_T03|95|travel_transport|telephone_message|context_problem_request|rideshare train station pickup change
ETS2024_T03|98|health_admin|introduction_speech|topic_evidence_invitation|fruit nutrition conference presentation
ETS2024_T04|32|travel_transport|customer_clerk|delay_reason_advice|rough water delaying ferry departure
ETS2024_T04|35|customer_service|customer_clerk|problem_explanation_action|incorrect library overdue book notice
ETS2024_T04|38|construction_maintenance|client_vendor|request_assessment_guidance|residential dining room painting estimate
ETS2024_T04|41|health_admin|customer_clerk|welcome_features_tour|new fitness facility membership tour
ETS2024_T04|44|real_estate|client_vendor|request_options_arrangement|tenant seeking larger apartment
ETS2024_T04|47|sales_marketing|client_vendor|goal_proposal_incentive|craft store customer survey proposal
ETS2024_T04|50|logistics_shipping|client_vendor|delivery_problem_referral|hotel floral centerpiece delivery dispute
ETS2024_T04|53|construction_maintenance|client_vendor|assessment_repair_arrangement|home roof inspection and shingle replacement
ETS2024_T04|56|travel_transport|coworkers|problem_alternative_guidance|commute delayed by station renovations
ETS2024_T04|59|sales_marketing|client_vendor|progress_preference_alternative|clothing brand retail distribution strategy
ETS2024_T04|62|events|coworkers|problem_request_anticipation|theater rehearsal technical coordination
ETS2024_T04|65|events|coworkers|change_features_selection|company retreat outdoor activity selection
ETS2024_T04|68|media_broadcast|other|welcome_overview_delay|castle excavation documentary filming
ETS2024_T04|71|customer_service|recorded_message|routing_update_instruction|power outage utility information line
ETS2024_T04|74|technology|meeting_excerpt|change_reason_instruction|customer data security software installation
ETS2024_T04|77|office|announcement|disruption_alternative_resources|office access during road widening
ETS2024_T04|80|hotel|telephone_message|request_constraint_alternative|hotel booking for visiting client
ETS2024_T04|83|logistics_shipping|meeting_excerpt|need_project_schedule|shipping parcel tracking service development
ETS2024_T04|86|media_broadcast|meeting_excerpt|success_update_request|news footage success and volunteer request
ETS2024_T04|89|sales_marketing|announcement|results_reward_advice|appliance sales team celebration
ETS2024_T04|92|travel_transport|tour|conclusion_expansion_resources|historic home tour business expansion
ETS2024_T04|95|construction_maintenance|news_report|news_plan_participation|new train station project proposals
ETS2024_T04|98|real_estate|introduction_speech|welcome_features_caveat|business center grand opening
ETS2024_T05|32|technology|coworkers|problem_alternative_instruction|overheating conference room projector
ETS2024_T05|35|events|customer_clerk|checkin_resources_instruction|literary conference panelist registration
ETS2024_T05|38|retail_shopping|customer_clerk|request_options_policy|tea gift card purchase
ETS2024_T05|41|technology|client_vendor|need_features_training|factory machine monitoring application demonstration
ETS2024_T05|44|travel_transport|customer_clerk|request_disruption_alternative|taxi route around theater roadworks
ETS2024_T05|47|finance|coworkers|review_constraint_alternative|business meeting travel budget reduction
ETS2024_T05|50|events|coworkers|problem_proposal_request|museum community outreach ticket sales
ETS2024_T05|53|retail_shopping|customer_clerk|selection_options_requirement|sofa purchase payment plan
ETS2024_T05|56|manufacturing|client_vendor|review_progress_offer|custom furniture order progress inspection
ETS2024_T05|59|hr_hiring|coworkers|news_candidates_concern|retiring sales colleague replacement
ETS2024_T05|62|travel_transport|other|feedback_resources_departure|conference attendee train departure
ETS2024_T05|65|dining|customer_clerk|options_question_choice|deli specials and patio dining
ETS2024_T05|68|outdoor_city|other|plan_options_choice|park hiking trail selection
ETS2024_T05|71|retail_shopping|telephone_message|problem_alternative_request|unavailable event solar lantern color
ETS2024_T05|74|outdoor_city|instructions|background_tasks_reward|volunteer cleanup at painter estate
ETS2024_T05|77|office|telephone_message|problem_request_schedule|forgotten business document before flight
ETS2024_T05|80|outdoor_city|instructions|purpose_demonstration_resources|online household object repurposing tutorial
ETS2024_T05|83|construction_maintenance|announcement|progress_details_transition|bridge renovation press conference
ETS2024_T05|86|logistics_shipping|telephone_message|context_storage_request|tenant packages awaiting collection
ETS2024_T05|89|manufacturing|news_report|proposal_conditions_benefits|wind turbine landowner partnership
ETS2024_T05|92|logistics_shipping|telephone_message|confirmation_guidance_request|household storage container delivery
ETS2024_T05|95|hotel|workshop_training|context_rules_reminder|hotel cleaning supply training
ETS2024_T05|98|education_training|workshop_training|review_task_guest|social media advertising video workshop
ETS2024_T06|32|construction_maintenance|coworkers|plan_constraint_priority|theater renovation fundraising priorities
ETS2024_T06|35|hr_hiring|coworkers|news_need_action|new hire office space expansion
ETS2024_T06|38|dining|customer_clerk|request_constraint_referral|custom dinosaur birthday cake request
ETS2024_T06|41|construction_maintenance|customer_clerk|request_constraint_alternative|fully booked mobile phone repair
ETS2024_T06|44|media_broadcast|manager_staff|deadline_constraint_revision|bank merger report verification delay
ETS2024_T06|47|construction_maintenance|client_vendor|plan_benefit_options|garden bed drainage stone installation
ETS2024_T06|50|finance|coworkers|problem_inquiry_referral|freelance writer unpaid invoice
ETS2024_T06|53|technology|client_vendor|product_benefits_customization|auto repair customer video platform
ETS2024_T06|56|media_broadcast|coworkers|review_concern_action|nature documentary runtime reduction
ETS2024_T06|59|construction_maintenance|coworkers|results_problem_estimate|sports field soil treatment
ETS2024_T06|62|events|coworkers|problem_revision_notification|family bowling league schedule change
ETS2024_T06|65|events|customer_clerk|question_schedule_recommendation|library events and closure inquiry
ETS2024_T06|68|construction_maintenance|coworkers|news_plan_selection|park fish pond bridge repairs
ETS2024_T06|71|health_admin|meeting_excerpt|change_benefits_training|clinic patient check in kiosk
ETS2024_T06|74|technology|podcast|topic_requirements_resources|first drone purchase licensing guidance
ETS2024_T06|77|events|announcement|welcome_rules_schedule|digital signage exhibition opening instructions
ETS2024_T06|80|finance|podcast|topic_sponsor_promotion|investment podcast sponsor promotion
ETS2024_T06|83|real_estate|telephone_message|problem_attempt_arrangement|new tenant clogged kitchen drain
ETS2024_T06|86|office|meeting_excerpt|schedule_instructions_opportunity|office cleanup and document shredding
ETS2024_T06|89|logistics_shipping|recorded_message|problem_compensation_instruction|weather delayed office paper shipments
ETS2024_T06|92|events|meeting_excerpt|context_opportunity_proposal|arts commission district redevelopment artwork
ETS2024_T06|95|events|telephone_message|context_offer_deadline|wait listed theater ticket offer
ETS2024_T06|98|travel_transport|tour|disruption_revision_compensation|harbor bus tour museum closure
ETS2024_T07|32|retail_shopping|client_vendor|welcome_schedule_offer|vegetable chip store sampling event
ETS2024_T07|35|customer_service|customer_clerk|notice_verification_problem|library late fee card payment
ETS2024_T07|38|meetings|coworkers|plan_change_reassurance|sales meeting room change
ETS2024_T07|41|retail_shopping|coworkers|problem_alternative_action|roadworks blocking copy shop access
ETS2024_T07|44|hr_hiring|manager_staff|welcome_tasks_offer|park employee trail survey orientation
ETS2024_T07|47|logistics_shipping|coworkers|news_change_concern|delivery scanner battery life concerns
ETS2024_T07|50|hr_hiring|coworkers|welcome_background_demonstration|new employee software orientation
ETS2024_T07|53|dining|other|problem_alternative_acceptance|crowded new restaurant takeout alternative
ETS2024_T07|56|health_admin|coworkers|news_reason_concern|fitness center new location staffing
ETS2024_T07|59|hr_hiring|coworkers|proposal_constraint_alternative|remote graphic designers team building
ETS2024_T07|62|retail_shopping|customer_clerk|question_guidance_reassurance|wheelchair accessible furniture department visit
ETS2024_T07|65|travel_transport|manager_staff|request_options_arrangement|urgent investor meeting flight booking
ETS2024_T07|68|media_broadcast|coworkers|topic_evidence_comparison|football stadium bidding news coverage
ETS2024_T07|71|education_training|advertisement|program_benefits_application|community college entrepreneurship courses
ETS2024_T07|74|events|meeting_excerpt|schedule_details_request|research department gathering planning
ETS2024_T07|77|health_admin|telephone_message|request_symptoms_instruction|medical visit after running race
ETS2024_T07|80|retail_shopping|telephone_message|agreement_request_instruction|breakfast cereal retail supplier contract
ETS2024_T07|83|technology|meeting_excerpt|results_problem_task|satellite internet snow interference tests
ETS2024_T07|86|events|announcement|delay_information_invitation|concert delay from microphone malfunction
ETS2024_T07|89|technology|workshop_training|purpose_features_practice|event company project management software
ETS2024_T07|92|education_training|workshop_training|topic_examples_participation|small business energy efficiency session
ETS2024_T07|95|logistics_shipping|meeting_excerpt|purpose_loads_requirement|oversized trucking load safety briefing
ETS2024_T07|98|events|broadcast|event_route_transition|holiday parade route broadcast
ETS2024_T08|32|office|coworkers|request_constraint_alternative|clearing furniture storage before renovations
ETS2024_T08|35|hr_hiring|manager_staff|welcome_handoff_safety|seasonal harvesting worker orientation
ETS2024_T08|38|media_broadcast|other|introduction_explanation_invitation|hybrid flower gardening podcast interview
ETS2024_T08|41|education_training|coworkers|need_proposal_evidence|employee training video platform proposal
ETS2024_T08|44|hr_hiring|coworkers|review_selection_action|sales representative team leader selection
ETS2024_T08|47|media_broadcast|other|purpose_issue_question|road tax and bicycle lane interview
ETS2024_T08|50|travel_transport|manager_staff|update_condition_confirmation|prospective client business trip arrangements
ETS2024_T08|53|technology|client_vendor|introduction_features_options|trade show software product inquiry
ETS2024_T08|56|construction_maintenance|coworkers|plan_weather_revision|parking seal coating delayed by rain
ETS2024_T08|59|manufacturing|coworkers|review_proposal_cost|soap production efficiency equipment proposal
ETS2024_T08|62|office|coworkers|review_error_action|incorrect engineering supply order quantity
ETS2024_T08|65|retail_shopping|customer_clerk|problem_constraint_selection|wedding flower substitution budget
ETS2024_T08|68|real_estate|client_vendor|assessment_features_action|hardware store property valuation
ETS2024_T08|71|retail_shopping|advertisement|need_features_offer|space saving cabinet bed promotion
ETS2024_T08|74|travel_transport|weather_traffic|conditions_forecast_transition|regional snow and temperature forecast
ETS2024_T08|77|construction_maintenance|telephone_message|repair_results_collection|antique wristwatch repair completion
ETS2024_T08|80|hr_hiring|introduction_speech|occasion_achievements_presentation|footwear company employee retirement tribute
ETS2024_T08|83|real_estate|telephone_message|work_schedule_background|apartment defective water pipe replacement
ETS2024_T08|86|technology|meeting_excerpt|problem_alternative_instruction|hospital wireless internet outage
ETS2024_T08|89|health_admin|introduction_speech|role_benefits_reassurance|company cafeteria nutritional menu review
ETS2024_T08|92|sales_marketing|meeting_excerpt|results_target_incentive|advertising agency customer referral incentive
ETS2024_T08|95|events|announcement|welcome_vendors_resources|sustainable community festival announcements
ETS2024_T08|98|events|announcement|feedback_resources_change|business conference session relocation
ETS2024_T09|32|hr_hiring|interviewer_candidate|background_motivation|patient transporter job interview
ETS2024_T09|35|sales_marketing|client_vendor|plan_background_advice|family owned clothing store marketing
ETS2024_T09|38|retail_shopping|coworkers|news_schedule_offer|grocery handheld scanner installation
ETS2024_T09|41|construction_maintenance|client_vendor|need_options_evaluation|reclaimed lumber construction sourcing
ETS2024_T09|44|media_broadcast|other|purpose_background_tour|exporting company newspaper profile visit
ETS2024_T09|47|construction_maintenance|coworkers|request_updates_review|bridge structural design budget changes
ETS2024_T09|50|sales_marketing|coworkers|results_reason_proposal|computer keyboard marketing budget decline
ETS2024_T09|53|construction_maintenance|coworkers|review_constraint_action|bridge replacement contractor bid comparison
ETS2024_T09|56|hotel|coworkers|feedback_background_change|environmentally friendly hotel expansion
ETS2024_T09|59|finance|client_vendor|approval_details_documents|business project bank financing approval
ETS2024_T09|62|hotel|customer_clerk|request_change_offer|nature resort cabin reservation upgrade
ETS2024_T09|65|manufacturing|coworkers|problem_guidance_offer|farm tractor breakdown toolbox search
ETS2024_T09|68|customer_service|coworkers|request_constraint_priority|laundry customer expedited linen cleaning
ETS2024_T09|71|retail_shopping|announcement|sale_terms_alternative|bookstore closing sale
ETS2024_T09|74|events|meeting_excerpt|plan_tasks_request|department picnic supplies coordination
ETS2024_T09|77|retail_shopping|news_report|event_success_expansion|supermarket anniversary and expansion plans
ETS2024_T09|80|technology|meeting_excerpt|problem_response_reassurance|office internet connectivity work disruption
ETS2024_T09|83|dining|telephone_message|request_requirements_instruction|tearoom private party menu preparation
ETS2024_T09|86|hr_hiring|meeting_excerpt|need_hiring_benefits|airport staffing shortage employee meals
ETS2024_T09|89|manufacturing|announcement|rules_reason_resources|factory floor jewelry safety restriction
ETS2024_T09|92|dining|meeting_excerpt|change_reason_reassurance|seasonal restaurant shift hour adjustment
ETS2024_T09|95|outdoor_city|recorded_message|news_activities_guidance|farm management change summer activities
ETS2024_T09|98|outdoor_city|broadcast|issue_projects_invitation|municipal tax funded improvement projects
YBM2025_T01|32|office|coworkers|request_absence_delegation|tablet sales figures supervisor handoff
YBM2025_T01|35|events|customer_clerk|request_policy_constraint|theater ticket performance date exchange
YBM2025_T01|38|customer_service|customer_clerk|request_requirements_offer|visa application studio photograph
YBM2025_T01|41|office|coworkers|news_benefits_arrangement|office relocation workforce expansion
YBM2025_T01|44|manufacturing|manager_staff|problem_constraint_alternative|delayed fertilizer before carrot planting
YBM2025_T01|47|construction_maintenance|customer_clerk|diagnosis_price_guidance|vehicle fuel filter replacement
YBM2025_T01|50|hr_hiring|coworkers|recognition_reason_plans|employee workflow improvement award
YBM2025_T01|53|hr_hiring|manager_staff|concern_feedback_action|summer internship program difficulties
YBM2025_T01|56|office|client_vendor|welcome_proposal_priorities|game developer business acquisition proposal
YBM2025_T01|59|manufacturing|coworkers|progress_priority_reward|bicycle assembly line order completion
YBM2025_T01|62|events|other|greeting_discussion_constraint|friends attending touring theater production
YBM2025_T01|65|office|coworkers|delivery_purpose_action|housing budget presentation office supplies
YBM2025_T01|68|travel_transport|coworkers|delay_update_alternative|airport security delay convention transport
YBM2025_T01|71|education_training|telephone_message|absence_reason_request|culinary student missed course materials
YBM2025_T01|74|events|news_report|news_plan_exhibition|art museum expansion initiative
YBM2025_T01|77|media_broadcast|meeting_excerpt|news_constraint_instruction|portable news camera purchase
YBM2025_T01|80|office|recorded_message|absence_routing_response|business analyst changed contact duties
YBM2025_T01|83|hr_hiring|meeting_excerpt|growth_need_request|publisher hiring internal graphic designer
YBM2025_T01|86|education_training|workshop_training|review_guidance_goal|personal trainer client confidence instruction
YBM2025_T01|89|sales_marketing|meeting_excerpt|initiative_results_evaluation|athletic shoe email subscriber campaign
YBM2025_T01|92|hr_hiring|announcement|context_benefits_resources|laboratory employee benefit update
YBM2025_T01|95|logistics_shipping|instructions|task_precautions_deadline|office desk delivery floor protection
YBM2025_T01|98|construction_maintenance|telephone_message|feedback_revision_reason|flower shop floor plan cooler revision
YBM2025_T02|32|retail_shopping|other|greeting_update_action|bookstore reopening cafe preparation
YBM2025_T02|35|health_admin|customer_clerk|problem_options_arrangement|missed personal training session rebooking
YBM2025_T02|38|finance|coworkers|invoice_reason_escalation|office refrigerator installation budget overrun
YBM2025_T02|41|travel_transport|client_vendor|request_details_problem|company retreat bus rental quote
YBM2025_T02|44|office|coworkers|question_event_instruction|employee company logo design contest
YBM2025_T02|47|retail_shopping|customer_clerk|problem_recommendation_safety|bathroom drain cleaner selection
YBM2025_T02|50|hr_hiring|manager_staff|welcome_questions_requirements|airport baggage handler orientation
YBM2025_T02|53|media_broadcast|coworkers|change_objection_confirmation|technology press interview representative change
YBM2025_T02|56|technology|coworkers|feedback_feature_credit|new employee intranet features
YBM2025_T02|59|sales_marketing|coworkers|plan_examples_request|tailor shop social media promotion
YBM2025_T02|62|travel_transport|customer_clerk|request_fare_guidance|photographer ferry trip ticket purchase
YBM2025_T02|65|outdoor_city|coworkers|thanks_items_instruction|patient charity donation sorting
YBM2025_T02|68|retail_shopping|customer_clerk|request_guidance_warning|building convenience store interview directions
YBM2025_T02|71|hr_hiring|workshop_training|welcome_overview_instruction|science museum volunteer orientation
YBM2025_T02|74|technology|announcement|thanks_change_requirement|office copier replacement access codes
YBM2025_T02|77|events|news_report|event_reviews_advice|popular stadium concert travel advice
YBM2025_T02|80|hr_hiring|telephone_message|application_feedback_handoff|radio producer applicant interview referral
YBM2025_T02|83|hotel|telephone_message|context_proposal_offer|artist offering hotel exhibition work
YBM2025_T02|86|education_training|workshop_training|topic_goals_rules|effective meeting leadership seminar
YBM2025_T02|89|technology|meeting_excerpt|change_benefit_instruction|laboratory keycard entry upgrade
YBM2025_T02|92|logistics_shipping|workshop_training|context_technique_benefit|manual inventory lifting safety training
YBM2025_T02|95|travel_transport|news_report|location_features_schedule|new municipal bus shelter installation
YBM2025_T02|98|retail_shopping|announcement|promotion_products_service|supermarket spring fruit dessert specials
YBM2025_T03|32|customer_service|manager_staff|shortage_constraint_priority|dry cleaning staff sickness shortage
YBM2025_T03|35|sales_marketing|coworkers|feedback_cost_revision|dance studio promotional flyer redesign
YBM2025_T03|38|logistics_shipping|customer_clerk|confirmation_change_guidance|washing machine delivery route instruction
YBM2025_T03|41|sales_marketing|coworkers|request_feedback_schedule|athletic product television commercial approval
YBM2025_T03|44|media_broadcast|coworkers|absence_need_offer|editorial help while colleague absent
YBM2025_T03|47|manufacturing|client_vendor|confirmation_details_discount|running shoe manufacturing order
YBM2025_T03|50|hr_hiring|coworkers|introduction_background_ideas|new librarian and researcher introductions
YBM2025_T03|53|finance|customer_clerk|problem_explanation_instruction|unexpected service bill contract terms
YBM2025_T03|56|sales_marketing|other|update_concern_offer|new hair salon publicity assistance
YBM2025_T03|59|events|coworkers|plan_problem_referral|automotive trade show registration question
YBM2025_T03|62|hr_hiring|coworkers|plan_refreshments_rehearsal|software developer recruitment event preparation
YBM2025_T03|65|travel_transport|other|thanks_route_notification|electronics trade show carpool directions
YBM2025_T03|68|retail_shopping|customer_clerk|need_options_selection|backyard fertilizer quantity discount
YBM2025_T03|71|health_admin|advertisement|need_features_invitation|gym membership and pool expansion
YBM2025_T03|74|hr_hiring|meeting_excerpt|plan_purpose_support|office work team restructuring
YBM2025_T03|77|media_broadcast|instructions|thanks_purpose_preparation|tour guide training video filming
YBM2025_T03|80|events|introduction_speech|welcome_error_background|historic building fundraising dinner
YBM2025_T03|83|events|telephone_message|success_offer_resources|popular artist exhibition extension proposal
YBM2025_T03|86|media_broadcast|broadcast|welcome_guest_transition|health program food scientist guest
YBM2025_T03|89|sales_marketing|meeting_excerpt|results_visit_instruction|headphone sales and office visitor preparation
YBM2025_T03|92|events|introduction_speech|occasion_achievements_recognition|law firm anniversary employee recognition
YBM2025_T03|95|events|tour|conclusion_closure_event|aviation museum tour closed wing
YBM2025_T03|98|media_broadcast|telephone_message|update_schedule_constraint|television appearance before film screening
YBM2025_T04|32|construction_maintenance|coworkers|completion_feedback_delay|building design project funding pause
YBM2025_T04|35|construction_maintenance|client_vendor|problem_diagnosis_arrangement|cafe installed lighting malfunction
YBM2025_T04|38|events|client_vendor|context_inspection_proposal|banquet catering refreshments layout
YBM2025_T04|41|finance|client_vendor|request_conditions_decision|print shop bank loan application
YBM2025_T04|44|travel_transport|coworkers|problem_options_compensation|overbooked flight volunteer compensation
YBM2025_T04|47|health_admin|customer_clerk|request_requirement_offer|international student gym registration
YBM2025_T04|50|health_admin|coworkers|proposal_preference_inclusion|holiday hospital staff appreciation meals
YBM2025_T04|53|construction_maintenance|coworkers|question_problem_precaution|leaking hallway air conditioner
YBM2025_T04|56|construction_maintenance|client_vendor|visit_purpose_requirement|property survey historic site clearance
YBM2025_T04|59|sales_marketing|client_vendor|offer_terms_schedule|athlete sportswear spokesperson contract
YBM2025_T04|62|retail_shopping|customer_clerk|need_guidance_features|traveling sales employee electronic device purchase
YBM2025_T04|65|events|coworkers|review_revision_action|library anniversary reading program revision
YBM2025_T04|68|media_broadcast|coworkers|deadline_reason_instruction|energy bar article purchase reimbursement
YBM2025_T04|71|construction_maintenance|telephone_message|confirmation_schedule_preparation|backyard landscaping renovation preparation
YBM2025_T04|74|hr_hiring|meeting_excerpt|delay_reason_request|office manager recruitment delay
YBM2025_T04|77|hr_hiring|meeting_excerpt|review_problem_verification|career fair equipment rental planning
YBM2025_T04|80|media_broadcast|news_report|release_problem_outcome|film ticket website purchase overload
YBM2025_T04|83|travel_transport|tour|welcome_background_advice|historic district walking tour
YBM2025_T04|86|finance|telephone_message|context_need_request|external audit human resources documents
YBM2025_T04|89|manufacturing|meeting_excerpt|goal_changes_evaluation|furniture production sanding automation
YBM2025_T04|92|sales_marketing|meeting_excerpt|progress_credit_issue|grocery shopper study competing publication
YBM2025_T04|95|travel_transport|announcement|departure_delay_safety|ski tournament resort shuttle detour
YBM2025_T04|98|education_training|instructions|review_resources_invitation|online guitar playing technique lesson
YBM2025_T05|32|travel_transport|manager_staff|confirmation_details_question|earlier business flight hotel shuttle
YBM2025_T05|35|retail_shopping|coworkers|need_proposal_inspection|smart television store demonstration layout
YBM2025_T05|38|events|coworkers|plan_referral_action|cake celebrating colleague promotion
YBM2025_T05|41|logistics_shipping|coworkers|request_status_incentive|municipal office moving contract proposal
YBM2025_T05|44|customer_service|manager_staff|progress_question_explanation|dry cleaner opening hour discussion
YBM2025_T05|47|education_training|customer_clerk|request_options_check|private team painting class booking
YBM2025_T05|50|finance|coworkers|problem_explanation_action|department supply order budget restriction
YBM2025_T05|53|dining|client_vendor|context_planning_request|company anniversary and urgent catering
YBM2025_T05|56|media_broadcast|coworkers|problem_alternative_research|documentary historic tower model delay
YBM2025_T05|59|manufacturing|client_vendor|welcome_task_requirement|cookware product testing nondisclosure forms
YBM2025_T05|62|sales_marketing|coworkers|news_request_constraint|car dealership advertising agency consultation
YBM2025_T05|65|events|coworkers|review_feedback_revision|employee award ceremony invitation draft
YBM2025_T05|68|construction_maintenance|caller_receptionist|arrival_guidance_requirement|office air conditioner repair visitor access
YBM2025_T05|71|manufacturing|instructions|purpose_checks_returns|beverage production ingredient quality checks
YBM2025_T05|74|media_broadcast|telephone_message|setup_update_request|food festival photo booth staffing
YBM2025_T05|77|manufacturing|broadcast|news_background_resources|appliance manufacturer headquarters relocation
YBM2025_T05|80|events|introduction_speech|welcome_thanks_resources|library sponsored event opening
YBM2025_T05|83|health_admin|meeting_excerpt|event_offer_feedback|gym membership recruitment event refreshments
YBM2025_T05|86|meetings|telephone_message|thanks_preparation_referral|board laboratory equipment presentation preparation
YBM2025_T05|89|retail_shopping|meeting_excerpt|problem_proposal_invitation|jewelry store competition response
YBM2025_T05|92|logistics_shipping|announcement|need_schedule_reassurance|early warehouse truck unloading assignment
YBM2025_T05|95|events|meeting_excerpt|praise_conflict_delegation|company event venue scheduling conflict
YBM2025_T05|98|construction_maintenance|telephone_message|completion_payments_offer|house extension paperwork and consultation
YBM2025_T06|32|technology|coworkers|problem_attempt_offer|instant messaging software reply failure
YBM2025_T06|35|retail_shopping|customer_clerk|question_correction_action|bicycle store closed sign oversight
YBM2025_T06|38|logistics_shipping|customer_clerk|problem_records_instruction|custom soccer shirt package search
YBM2025_T06|41|customer_service|coworkers|feedback_complaint_guidance|sock packaging change customer response
YBM2025_T06|44|events|coworkers|praise_question_action|year end employee party inquiry
YBM2025_T06|47|retail_shopping|client_vendor|context_product_requirements|construction exposition stump cutter selection
YBM2025_T06|50|real_estate|client_vendor|request_features_constraint|small apartment rental listing
YBM2025_T06|53|media_broadcast|client_vendor|proposal_question_distinction|content translation partnership pitch
YBM2025_T06|56|education_training|other|welcome_background_request|agricultural engineering career guest speaker
YBM2025_T06|59|health_admin|caller_receptionist|change_options_confirmation|surgeon leave rescheduling surgery
YBM2025_T06|62|retail_shopping|coworkers|proposal_constraints_selection|pharmacy countertop refrigerator purchase
YBM2025_T06|65|hr_hiring|coworkers|feedback_gap_revision|junior accountant orientation packet improvement
YBM2025_T06|68|retail_shopping|customer_clerk|problem_verification_refund|self checkout fruit quantity overcharge
YBM2025_T06|71|office|telephone_message|issue_context_request|business brand name confusion legal advice
YBM2025_T06|74|retail_shopping|advertisement|need_products_discount|home improvement weatherproofing supplies
YBM2025_T06|77|hr_hiring|telephone_message|confirmation_format_advice|dental hygienist initial interview preparation
YBM2025_T06|80|education_training|podcast|topic_guidance_guest|computer coding intensive course selection
YBM2025_T06|83|outdoor_city|tour|welcome_transport_resources|national park canyon vehicle tour
YBM2025_T06|86|retail_shopping|meeting_excerpt|problem_response_participation|bookstore local identity improvement committee
YBM2025_T06|89|hr_hiring|introduction_speech|farewell_achievements_donation|hotel personnel manager farewell donation
YBM2025_T06|92|manufacturing|meeting_excerpt|context_example_proposal|new factory visitor viewing walkway
YBM2025_T06|95|education_training|introduction_speech|welcome_schedule_guest|retail staff development day
YBM2025_T06|98|customer_service|meeting_excerpt|results_problem_proposal|meal kit cancellation survey review
YBM2025_T07|32|events|client_vendor|request_policy_proposal|charity museum after hours venue
YBM2025_T07|35|retail_shopping|customer_clerk|need_selection_warranty|business trip suitcase purchase
YBM2025_T07|38|events|coworkers|request_update_arrangement|employee retreat schedule contribution
YBM2025_T07|41|meetings|coworkers|request_equipment_preparation|prospective investor meeting audiovisual equipment
YBM2025_T07|44|office|coworkers|concern_discussion_referral|detailed appliance sales summary forms
YBM2025_T07|47|retail_shopping|coworkers|question_problem_revision|salon product display sunlight exposure
YBM2025_T07|50|customer_service|customer_clerk|request_constraint_resources|library new novel acquisition delay
YBM2025_T07|53|finance|client_vendor|approval_delay_documents|business loan processing timeline
YBM2025_T07|56|hr_hiring|manager_staff|opening_offer_benefits|field sales executive internal vacancy
YBM2025_T07|59|construction_maintenance|coworkers|recognition_benefit_timeline|bridge design project award
YBM2025_T07|62|logistics_shipping|manager_staff|review_guidance_supplies|new warehouse worker packing guidance
YBM2025_T07|65|events|client_vendor|completion_feedback_reassurance|anniversary dinner photographer packing up
YBM2025_T07|68|events|other|invitation_correction_constraint|extra jazz concert ticket invitation
YBM2025_T07|71|events|announcement|intermission_problem_compensation|orchestra stage lighting issue
YBM2025_T07|74|health_admin|telephone_message|change_question_request|dental appointment and insurance update
YBM2025_T07|77|travel_transport|advertisement|service_features_discount|bay sightseeing boat tour promotion
YBM2025_T07|80|hr_hiring|telephone_message|project_offer_arrangement|remote rechargeable battery project assignment
YBM2025_T07|83|events|introduction_speech|welcome_change_guidance|hybrid preventative medicine conference opening
YBM2025_T07|86|retail_shopping|advertisement|product_demonstration_resources|plastic wood look kitchen flooring
YBM2025_T07|89|events|broadcast|event_rules_preview|annual community cooking contest broadcast
YBM2025_T07|92|outdoor_city|announcement|approval_benefits_evaluation|municipal bicycle lane network expansion
YBM2025_T07|95|education_training|telephone_message|change_arrangements_guidance|insurance sales workshop attendance increase
YBM2025_T07|98|media_broadcast|podcast|occasion_guest_transition|fitness program milestone episode guests
YBM2025_T08|32|manufacturing|coworkers|growth_need_analysis|custom shoe demand production delegation
YBM2025_T08|35|dining|coworkers|shortage_reason_alternative|passenger pasta meal shortage
YBM2025_T08|38|retail_shopping|customer_clerk|need_features_alternative|briefcase laptop protection purchase
YBM2025_T08|41|travel_transport|other|confusion_guidance_notification|travelers locating correct bus stop
YBM2025_T08|44|education_training|coworkers|feedback_task_referral|seminar report preparation assistance
YBM2025_T08|47|sales_marketing|client_vendor|question_explanation_referral|farmers market booth sign investment
YBM2025_T08|50|education_training|coworkers|news_benefit_concern|driving school multilingual instruction expansion
YBM2025_T08|53|manufacturing|manager_staff|review_maintenance_comparison|fabric machine lubrication blade inspection
YBM2025_T08|56|retail_shopping|client_vendor|arrangement_process_requirement|home antique appraisal documentation
YBM2025_T08|59|events|customer_clerk|problem_instruction_purpose|historic estate tour website booking failure
YBM2025_T08|62|customer_service|client_vendor|need_options_arrangement|actress headshot photography package booking
YBM2025_T08|65|retail_shopping|manager_staff|thanks_tasks_sequence|holiday store merchandise setup
YBM2025_T08|68|hotel|caller_receptionist|request_message_arrangement|hotel guest business dinner notification
YBM2025_T08|71|media_broadcast|introduction_speech|thanks_book_reading|author writing advice book reading
YBM2025_T08|74|logistics_shipping|meeting_excerpt|issue_change_reassurance|municipal rubbish collection bin transition
YBM2025_T08|77|real_estate|news_report|proposal_review_concern|apartment complex obstructing residential views
YBM2025_T08|80|finance|meeting_excerpt|meeting_request_template|annual budget board meeting preparation
YBM2025_T08|83|hr_hiring|advertisement|opening_jobs_event|indoor water park recruitment fair
YBM2025_T08|86|office|meeting_excerpt|growth_problem_revision|expanding workforce office space shortage
YBM2025_T08|89|media_broadcast|broadcast|topic_business_invitation|local animal themed business broadcast
YBM2025_T08|92|events|meeting_excerpt|schedule_tasks_instruction|fundraising dinner auction volunteer assignments
YBM2025_T08|95|events|instructions|thanks_registration_rules|cake competition volunteer registration guidance
YBM2025_T08|98|education_training|telephone_message|invitation_preference_question|friends selecting Italian cooking classes
YBM2025_T09|32|dining|customer_clerk|pickup_verification_guidance|custom floral frosting cake collection
YBM2025_T09|35|retail_shopping|customer_clerk|selection_shortage_offer|tablet complimentary carrying case shortage
YBM2025_T09|38|real_estate|client_vendor|proposal_feedback_alternative|cafe property search budget
YBM2025_T09|41|education_training|coworkers|proposal_correction_research|language lesson disposable cup policy
YBM2025_T09|44|construction_maintenance|manager_staff|problem_diagnosis_offer|laundry machine leaking connection
YBM2025_T09|47|education_training|coworkers|review_concern_proposal|book club reading completion concerns
YBM2025_T09|50|hr_hiring|client_vendor|introduction_offer_request|staffing agency service sales call
YBM2025_T09|53|finance|coworkers|problem_referral_request|delayed business trip expense reimbursement
YBM2025_T09|56|logistics_shipping|coworkers|review_constraint_action|office move with broken elevator
YBM2025_T09|59|manufacturing|coworkers|question_reason_resources|additional iron supplier payment request
YBM2025_T09|62|real_estate|client_vendor|welcome_request_arrangement|new office tenant directory and parking
YBM2025_T09|65|customer_service|customer_clerk|appointment_details_offer|salon manicure appointment welcome
YBM2025_T09|68|office|coworkers|problem_request_guidance|forgotten client presentation storage device
YBM2025_T09|71|hr_hiring|telephone_message|news_evidence_invitation|employee rising star award finalist
YBM2025_T09|74|events|advertisement|event_purpose_resources|park improvement taco fundraising benefit
YBM2025_T09|77|events|meeting_excerpt|welcome_delay_tour|theater employees returning after renovation
YBM2025_T09|80|technology|telephone_message|review_problem_recommendation|generated video voiceover editing issues
YBM2025_T09|83|health_admin|announcement|cancellation_reason_compensation|fitness cycling class unsafe light fixture
YBM2025_T09|86|health_admin|announcement|funding_project_benefit|hospital local imaging services expansion
YBM2025_T09|89|hr_hiring|meeting_excerpt|change_purpose_guidelines|employee peer performance evaluation process
YBM2025_T09|92|retail_shopping|meeting_excerpt|progress_revision_deadline|new store stock and signage preparation
YBM2025_T09|95|events|meeting_excerpt|renovation_results_options|theater gift shop merchandise review
YBM2025_T09|98|travel_transport|tour|welcome_journey_update|coastal town excursion weather planning
YBM2025_T10|32|retail_shopping|customer_clerk|need_recommendation_quantity|entryway wall paint selection
YBM2025_T10|35|events|customer_clerk|request_background_offer|classic cinema ticket membership offer
YBM2025_T10|38|travel_transport|customer_clerk|problem_alternative_guidance|train arrival without available taxis
YBM2025_T10|41|hotel|caller_receptionist|context_request_action|hotel room missing toiletries
YBM2025_T10|44|office|manager_staff|proposal_benefit_action|internal workplace safety inspection initiative
YBM2025_T10|47|customer_service|customer_clerk|problem_explanation_resources|new resident utility billing delay
YBM2025_T10|50|health_admin|other|assessment_advice_resources|older dog dental care checkup
YBM2025_T10|53|manufacturing|manager_staff|feedback_problem_revision|travel backpack hip belt redesign
YBM2025_T10|56|hr_hiring|coworkers|problem_proposal_arrangement|project manager hiring qualification reduction
YBM2025_T10|59|construction_maintenance|coworkers|recognition_conflict_reminder|library patio award ceremony conflict
YBM2025_T10|62|construction_maintenance|customer_clerk|problem_alternative_request|vehicle repair website booking failure
YBM2025_T10|65|customer_service|customer_clerk|request_coupon_waiting|salon haircut coupon redemption
YBM2025_T10|68|office|coworkers|problem_sorting_action|faulty used computer accessories disposal
YBM2025_T10|71|events|telephone_message|feedback_need_offer|street fair volunteer website proposal
YBM2025_T10|74|retail_shopping|broadcast|topic_trend_guest|temporary pop up store business discussion
YBM2025_T10|77|technology|introduction_speech|welcome_project_training|rural internet access technician program
YBM2025_T10|80|technology|telephone_message|need_project_offer|legal client virtual meeting software consultation
YBM2025_T10|83|hr_hiring|workshop_training|topic_purpose_resources|corporate dress code design seminar
YBM2025_T10|86|events|tour|welcome_features_access|stadium tour during hot weather
YBM2025_T10|89|dining|workshop_training|change_features_demonstration|restaurant table payment machine training
YBM2025_T10|92|technology|meeting_excerpt|praise_change_explanation|video game underwater stage development change
YBM2025_T10|95|health_admin|workshop_training|task_checks_advice|pharmacy incoming inventory inspection
YBM2025_T10|98|retail_shopping|telephone_message|change_reason_delivery|autumn merchandising display revision
ETS2026_T01|32|manufacturing|coworkers|results_feedback_action|spicy cheese focus group feedback
ETS2026_T01|35|events|customer_clerk|request_availability_requirement|tennis match group ticket booking
ETS2026_T01|38|events|coworkers|purpose_task_resources|library fundraising dinner preparations
ETS2026_T01|41|sales_marketing|coworkers|product_benefits_order|cleaning service promotional festival pens
ETS2026_T01|44|outdoor_city|customer_clerk|request_policy_referral|recycling electronics before house sale
ETS2026_T01|47|dining|other|greeting_update_proposal|cafe owner expansion premises suggestion
ETS2026_T01|50|technology|coworkers|review_problem_referral|video game release testing problem
ETS2026_T01|53|real_estate|caller_receptionist|problem_offer_urgency|apartment thermostat malfunction before freeze
ETS2026_T01|56|finance|client_vendor|request_background_expansion|winter recreation repair shop loan
ETS2026_T01|59|education_training|coworkers|proposal_concern_alternative|factory peer training video alternative
ETS2026_T01|62|meetings|manager_staff|request_schedule_news|business trip potential investor meeting
ETS2026_T01|65|technology|coworkers|problem_revision_constraint|botanical garden website parking information
ETS2026_T01|68|travel_transport|coworkers|approval_selection_action|train station bicycle rack installation
ETS2026_T01|71|construction_maintenance|recorded_message|services_change_waiting|automobile repair information and inventory closure
ETS2026_T01|74|hr_hiring|instructions|welcome_setup_restriction|new employee account setup
ETS2026_T01|77|retail_shopping|telephone_message|feedback_question_request|amusement park game machine inquiry
ETS2026_T01|80|sales_marketing|meeting_excerpt|results_reason_proposal|clothing distribution delays domestic production
ETS2026_T01|83|travel_transport|announcement|delay_repair_alternative|train track repairs service delay
ETS2026_T01|86|sales_marketing|telephone_message|options_review_arrangement|company logo redesign comparison
ETS2026_T01|89|travel_transport|announcement|question_findings_resources|train engine efficiency improvement response
ETS2026_T01|92|retail_shopping|meeting_excerpt|proposal_benefits_trial|cosmetics store tablet payment trial
ETS2026_T01|95|real_estate|news_report|completion_features_resources|new office tower tenant announcement
ETS2026_T01|98|manufacturing|meeting_excerpt|plan_analysis_action|silver mine exploratory drilling results
ETS2026_T02|32|logistics_shipping|coworkers|feedback_problem_revision|residential food delivery intercom problem
ETS2026_T02|35|events|coworkers|plan_options_deferral|summer park theater volunteer program
ETS2026_T02|38|sales_marketing|other|issue_reason_proposal|downtown shopping decline podcast discussion
ETS2026_T02|41|sales_marketing|coworkers|results_demand_hiring|customer rebate program demand increase
ETS2026_T02|44|events|coworkers|event_purpose_selection|electronics trade show technical representative
ETS2026_T02|47|hr_hiring|coworkers|opening_recommendation_request|dental receptionist candidate referral
ETS2026_T02|50|media_broadcast|client_vendor|welcome_project_arrangement|factory training video consultant meeting
ETS2026_T02|53|finance|coworkers|target_constraint_alternative|engineering corporate travel budget cuts
ETS2026_T02|56|manufacturing|client_vendor|welcome_proposal_review|jewelry designer product collaboration
ETS2026_T02|59|retail_shopping|customer_clerk|need_options_service|hair salon waiting room carpeting
ETS2026_T02|62|office|coworkers|concern_discussion_news|client prototype deadline coffee discussion
ETS2026_T02|65|construction_maintenance|client_vendor|request_schedule_followup|home window screen installation estimate
ETS2026_T02|68|education_training|manager_staff|opportunity_advice_action|new employee robotics conference networking
ETS2026_T02|71|construction_maintenance|meeting_excerpt|complaint_purchase_reminder|auto workshop car lift replacement
ETS2026_T02|74|sales_marketing|meeting_excerpt|results_donation_resources|corporate furniture sales charitable contribution
ETS2026_T02|77|sales_marketing|podcast|topic_examples_advice|social media fundraising technology podcast
ETS2026_T02|80|hr_hiring|announcement|results_rewards_arrangements|appliance company performance employee rewards
ETS2026_T02|83|hr_hiring|meeting_excerpt|change_confusion_resources|new recruitment policies explanation
ETS2026_T02|86|manufacturing|meeting_excerpt|results_reason_demonstration|toy product design prototype revision
ETS2026_T02|89|outdoor_city|recorded_message|absence_restriction_invitation|nature preserve limited access volunteering
ETS2026_T02|92|media_broadcast|broadcast|guest_background_invitation|family olive oil producer interview
ETS2026_T02|95|travel_transport|announcement|disruption_alternative_resources|temporary transit station bus stop
ETS2026_T02|98|education_training|meeting_excerpt|results_feedback_action|community workshop attendance and vending requests
ETS2026_T03|32|dining|coworkers|results_proposal_action|popular beef stew menu addition
ETS2026_T03|35|travel_transport|customer_clerk|question_guidance_preparation|train journey to party
ETS2026_T03|38|health_admin|coworkers|news_benefit_request|pharmacy prescription delivery driver recruitment
ETS2026_T03|41|sales_marketing|coworkers|decline_reason_proposal|outdoor apparel competitive sales decline
ETS2026_T03|44|media_broadcast|customer_clerk|problem_explanation_offer|expired newspaper article archive link
ETS2026_T03|47|retail_shopping|customer_clerk|promotion_request_referral|lost receipt supply store return
ETS2026_T03|50|logistics_shipping|coworkers|feedback_incident_improvement|food delivery bag breaking
ETS2026_T03|53|sales_marketing|coworkers|news_product_arrangement|organic snack advertising campaign
ETS2026_T03|56|construction_maintenance|coworkers|review_repair_consequence|small airplane fuel pump replacement
ETS2026_T03|59|customer_service|customer_clerk|request_reason_survey|internet service account closure
ETS2026_T03|62|retail_shopping|manager_staff|task_update_instruction|cleaning product price label restocking
ETS2026_T03|65|customer_service|client_vendor|request_requirements_arrangement|passport studio photo after work
ETS2026_T03|68|finance|coworkers|request_process_guidance|dental conference expense reimbursement form
ETS2026_T03|71|events|meeting_excerpt|plan_requirements_delegation|music festival fencing budget preparation
ETS2026_T03|74|manufacturing|advertisement|welcome_demonstration_discount|plastic injection machine trade show demonstration
ETS2026_T03|77|manufacturing|announcement|change_purpose_assignments|computer chip research division expansion
ETS2026_T03|80|manufacturing|podcast|correction_guest_achievements|agriculture podcast fertilizer charity guest
ETS2026_T03|83|construction_maintenance|telephone_message|problem_options_deadline|old house replacement window size issue
ETS2026_T03|86|finance|meeting_excerpt|audit_results_instruction|bank branch service audit review
ETS2026_T03|89|dining|meeting_excerpt|demand_tasks_trial|restaurant group bookings new menu trial
ETS2026_T03|92|finance|broadcast|topic_examples_guest|online peak demand pricing discussion
ETS2026_T03|95|sales_marketing|telephone_message|deadline_revision_request|flower coupon printing changes
ETS2026_T03|98|media_broadcast|telephone_message|news_preparation_guidance|actor television audition travel advice
ETS2026_T04|32|real_estate|client_vendor|welcome_features_requirement|new apartment building viewing
ETS2026_T04|35|logistics_shipping|manager_staff|question_advice_resources|new seafood delivery employee route
ETS2026_T04|38|manufacturing|coworkers|offer_constraint_review|lanolin buyer supply contract proposal
ETS2026_T04|41|hr_hiring|coworkers|opportunity_handoff_access|overseas employee transfer file handoff
ETS2026_T04|44|media_broadcast|client_vendor|request_change_confirmation|actor television appearance rescheduling
ETS2026_T04|47|office|coworkers|policy_concern_referral|remote employee office workspace concerns
ETS2026_T04|50|customer_service|customer_clerk|registration_features_benefit|library digital lending access
ETS2026_T04|53|hr_hiring|coworkers|results_concern_proposal|employee contribution recognition survey
ETS2026_T04|56|sales_marketing|client_vendor|need_strategy_recommendation|athletic apparel influencer branding
ETS2026_T04|59|manufacturing|coworkers|order_schedule_demonstration|jigsaw puzzle order special edition
ETS2026_T04|62|finance|customer_clerk|question_explanation_resources|business account overseas transaction fees
ETS2026_T04|65|events|coworkers|confirmation_question_arrangement|piano concert merchandise table placement
ETS2026_T04|68|retail_shopping|customer_clerk|need_advice_guidance|rose growing care products
ETS2026_T04|71|travel_transport|announcement|maintenance_resources_fees|transit line maintenance electronic tickets
ETS2026_T04|74|construction_maintenance|meeting_excerpt|discovery_plan_expertise|historic house garden restoration
ETS2026_T04|77|education_training|workshop_training|welcome_guidance_examples|new sales representative cold call training
ETS2026_T04|80|customer_service|telephone_message|apology_reason_replacement|defective restaurant patio umbrella replacement
ETS2026_T04|83|hr_hiring|advertisement|need_services_discount|temporary staffing agency promotion
ETS2026_T04|86|education_training|meeting_excerpt|event_arrangements_handoff|hospitality conference project deadline adjustments
ETS2026_T04|89|events|introduction_speech|welcome_honoree_performance|music label founder awards tribute
ETS2026_T04|92|sales_marketing|meeting_excerpt|results_proposal_transition|smartwatch sales virtual reality expansion
ETS2026_T04|95|events|tour|welcome_features_transport|sports stadium access tour
ETS2026_T04|98|events|instructions|occasion_assignments_availability|employee retirement dinner setup
ETS2026_T05|32|office|coworkers|request_constraint_solution|product pitch report photocopies
ETS2026_T05|35|logistics_shipping|client_vendor|request_assessment_arrangement|insurance office relocation moving estimate
ETS2026_T05|38|hr_hiring|coworkers|confirmation_concern_reassurance|doctor onboarding prior work commitments
ETS2026_T05|41|logistics_shipping|coworkers|demand_concern_action|chocolate online order pickup frequency
ETS2026_T05|44|manufacturing|coworkers|delay_alternative_notification|sofa leather supply quality delay
ETS2026_T05|47|sales_marketing|coworkers|findings_opportunity_action|denim product sales consulting recommendations
ETS2026_T05|50|finance|coworkers|request_report_explanation|budget meeting discounted supply purchase
ETS2026_T05|53|construction_maintenance|coworkers|result_reason_research|unsuccessful bridge renovation bid
ETS2026_T05|56|hr_hiring|coworkers|results_complaint_action|employee survey recurring workplace complaint
ETS2026_T05|59|manufacturing|client_vendor|request_price_agreement|brass scrap recycling price match
ETS2026_T05|62|construction_maintenance|coworkers|delay_reason_response|train tunnel support material shortage
ETS2026_T05|65|logistics_shipping|coworkers|cost_options_action|food delivery parking rate increase
ETS2026_T05|68|construction_maintenance|client_vendor|goal_proposal_cost|bank lobby interior renovation
ETS2026_T05|71|sales_marketing|meeting_excerpt|praise_results_decision|sales tracking system market expansion review
ETS2026_T05|74|media_broadcast|recorded_message|purpose_instructions_timeline|business talk show guest submissions
ETS2026_T05|77|dining|tour|welcome_adjustment_resources|large group downtown culinary tour
ETS2026_T05|80|events|introduction_speech|award_achievements_presentation|aviation training program industry award
ETS2026_T05|83|travel_transport|meeting_excerpt|proposal_options_benefits|municipal bus shelter replacement proposal
ETS2026_T05|86|manufacturing|telephone_message|feedback_selection_discussion|wallpaper pattern production approval
ETS2026_T05|89|events|news_report|opening_features_resources|performing arts center acoustic design
ETS2026_T05|92|travel_transport|podcast|guest_topic_schedule|electric ship technology podcast guest
ETS2026_T05|95|events|announcement|welcome_purpose_guidance|bicycle race bridge repair fundraiser
ETS2026_T05|98|technology|meeting_excerpt|project_research_schedule|online banking application development process
ETS2026_T06|32|sales_marketing|coworkers|campaign_opportunity_revision|television advertising campaign enhancement
ETS2026_T06|35|hotel|coworkers|complaints_response_update|hotel parking garage fee misunderstanding
ETS2026_T06|38|hr_hiring|coworkers|recognition_reassurance_event|hospital nurse employee award
ETS2026_T06|41|customer_service|customer_clerk|request_handoff_delay|library book unpacking availability
ETS2026_T06|44|media_broadcast|coworkers|assignment_topic_question|mayoral press conference camera coverage
ETS2026_T06|47|office|coworkers|absence_news_resources|missed team meeting new client update
ETS2026_T06|50|events|coworkers|plan_options_research|architect retreat camping equipment
ETS2026_T06|53|customer_service|client_vendor|arrival_absence_alternative|internet installation customer arrival delay
ETS2026_T06|56|education_training|coworkers|project_advice_resources|arctic research heated jacket preparation
ETS2026_T06|59|manufacturing|coworkers|order_capacity_priority|rush fitness logo shirt order
ETS2026_T06|62|events|coworkers|occasion_memories_arrangement|company anniversary banquet seating
ETS2026_T06|65|travel_transport|customer_clerk|request_options_requirement|bus ticket destination exchange
ETS2026_T06|68|construction_maintenance|client_vendor|problem_assessment_solution|dryer household electrical capacity upgrade
ETS2026_T06|71|events|announcement|welcome_change_reminder|robotics trade show panel relocation
ETS2026_T06|74|education_training|workshop_training|substitution_background_exercise|substitute computer programming instructor
ETS2026_T06|77|hr_hiring|telephone_message|application_feedback_request|restaurant management candidate recruitment
ETS2026_T06|80|logistics_shipping|broadcast|context_issue_guest|port shipping costs business report
ETS2026_T06|83|education_training|workshop_training|welcome_resources_introductions|botanical garden outdoor painting workshop
ETS2026_T06|86|sales_marketing|meeting_excerpt|feedback_expectations_reminder|client branding project workstation tidiness
ETS2026_T06|89|manufacturing|announcement|problem_reason_instruction|factory injection molding machine malfunction
ETS2026_T06|92|media_broadcast|telephone_message|project_offer_details|historic film expert consultant recruitment
ETS2026_T06|95|travel_transport|advertisement|service_access_expansion|municipal on demand neighborhood shuttle
ETS2026_T06|98|events|broadcast|event_features_advice|archaeological festival excavation activities
ETS2026_T07|32|office|coworkers|problem_response_invitation|squeaking office chair distraction
ETS2026_T07|35|dining|coworkers|sample_feedback_request|restaurant pasta ingredient adjustment
ETS2026_T07|38|hr_hiring|coworkers|funds_options_survey|hospital remaining staff development budget
ETS2026_T07|41|retail_shopping|customer_clerk|request_policy_alternative|online shoe fit return exchange
ETS2026_T07|44|media_broadcast|other|introduction_career_details|history professor film consultant podcast
ETS2026_T07|47|events|coworkers|registration_program_reminder|marketing convention networking preparation
ETS2026_T07|50|sales_marketing|coworkers|need_options_deadline|seaside restaurant menu design
ETS2026_T07|53|outdoor_city|customer_clerk|request_shortage_alternative|state park printed trail map shortage
ETS2026_T07|56|construction_maintenance|other|ceremony_background_photograph|municipal building demolition ceremony
ETS2026_T07|59|retail_shopping|customer_clerk|coupon_conditions_guidance|shaded patio hanging plant selection
ETS2026_T07|62|education_training|coworkers|question_resources_schedule|laboratory intern training task schedule
ETS2026_T07|65|sales_marketing|client_vendor|deadline_design_testing|sunscreen packaging focus group selection
ETS2026_T07|68|manufacturing|coworkers|proposal_crops_estimate|leasing additional vegetable farmland
ETS2026_T07|71|manufacturing|workshop_training|change_purpose_demonstration|factory machine safety sensor installation
ETS2026_T07|74|events|instructions|praise_rest_schedule|dance performance costume rehearsal preparation
ETS2026_T07|77|media_broadcast|instructions|task_requirements_schedule|live orchestra performance filming setup
ETS2026_T07|80|hr_hiring|workshop_training|welcome_purpose_introductions|new customer service team introductions
ETS2026_T07|83|travel_transport|announcement|welcome_destination_delay|train painter birthplace stop delay
ETS2026_T07|86|construction_maintenance|meeting_excerpt|contract_plan_request|office garden landscaping work schedule
ETS2026_T07|89|retail_shopping|news_report|partnership_benefits_renovation|department store beauty retailer partnership
ETS2026_T07|92|construction_maintenance|meeting_excerpt|goal_training_promotion|solar installation certification promotion
ETS2026_T07|95|travel_transport|announcement|funding_project_priority|municipal covered bus stop benches
ETS2026_T07|98|retail_shopping|telephone_message|thanks_order_budget|trade show contact tulip purchase
ETS2026_T08|32|construction_maintenance|coworkers|request_assessment_alternative|flickering kitchen light replacement
ETS2026_T08|35|education_training|coworkers|problem_check_monitoring|laboratory refrigerator temperature discrepancy
ETS2026_T08|38|education_training|coworkers|funding_benefit_training|rare book collection digitization grant
ETS2026_T08|41|construction_maintenance|coworkers|approval_preparation_model|city hall wing design approval
ETS2026_T08|44|manufacturing|customer_clerk|request_process_requirement|county garden soil analysis service
ETS2026_T08|47|media_broadcast|coworkers|assignment_preparation_review|cartoon episode storyboard preparation
ETS2026_T08|50|dining|customer_clerk|request_constraint_arrangement|restaurant outdoor group reservation
ETS2026_T08|53|manufacturing|client_vendor|interest_demonstration_financing|agricultural machine trade show inquiry
ETS2026_T08|56|travel_transport|customer_clerk|delay_consequence_offer|weather delayed conference flight
ETS2026_T08|59|construction_maintenance|coworkers|problem_attempt_delegation|farm tractor hydraulic system repair
ETS2026_T08|62|construction_maintenance|customer_clerk|collection_error_correction|incorrect replacement tire billing
ETS2026_T08|65|retail_shopping|customer_clerk|need_options_reassurance|supportive pillow feather allergy inquiry
ETS2026_T08|68|hr_hiring|coworkers|welcome_background_role|software designer sales presentation skills
ETS2026_T08|71|outdoor_city|meeting_excerpt|agenda_request_handoff|municipal water maintenance vehicle purchase
ETS2026_T08|74|hr_hiring|meeting_excerpt|introduction_duties_deadline|pharmaceutical laboratory safety officer introduction
ETS2026_T08|77|office|meeting_excerpt|problem_alternative_reporting|cold offices temporary workspace relocation
ETS2026_T08|80|health_admin|meeting_excerpt|rules_details_questions|hospital shift safety policy reminders
ETS2026_T08|83|sales_marketing|advertisement|products_process_service|custom retail promotional poster ordering
ETS2026_T08|86|travel_transport|announcement|welcome_services_updates|train onboard services maintenance warning
ETS2026_T08|89|construction_maintenance|telephone_message|need_reason_contact|municipal maintenance hole cover replacement
ETS2026_T08|92|construction_maintenance|telephone_message|estimate_quality_schedule|metal roof replacement estimate
ETS2026_T08|95|sales_marketing|meeting_excerpt|opportunity_inventory_action|commercial refrigerator international marketing
ETS2026_T08|98|outdoor_city|recorded_message|travel_schedule_resources|park visitor transport and tours
ETS2026_T09|32|health_admin|customer_clerk|request_options_registration|temporary gym membership business trip
ETS2026_T09|35|hr_hiring|manager_staff|welcome_background_process|ice cream factory quality orientation
ETS2026_T09|38|office|manager_staff|task_reason_delegation|employee newsletter engagement redesign
ETS2026_T09|41|hr_hiring|coworkers|opening_encouragement_action|accounts payable manager internal opportunity
ETS2026_T09|44|dining|coworkers|invitation_transport_resources|advertising team lunch at new cafe
ETS2026_T09|47|media_broadcast|other|interview_process_goal|textile recycling process journal interview
ETS2026_T09|50|hr_hiring|coworkers|assessment_concern_followup|airline spokesperson candidate evaluation
ETS2026_T09|53|events|client_vendor|request_options_resources|new art gallery opening planning
ETS2026_T09|56|media_broadcast|other|introduction_inspiration_question|international fusion cookbook podcast interview
ETS2026_T09|59|events|coworkers|plan_resources_registration|pharmaceutical conference application workshop registration
ETS2026_T09|62|sales_marketing|coworkers|problem_promotion_preparation|water park weekday attendance promotion
ETS2026_T09|65|retail_shopping|customer_clerk|request_shortage_offer|museum exhibit shirt size shortage
ETS2026_T09|68|construction_maintenance|client_vendor|request_features_estimate|garden protective fence installation estimate
ETS2026_T09|71|travel_transport|tour|welcome_features_departure|river cruise architecture sightseeing
ETS2026_T09|74|retail_shopping|announcement|program_benefits_reminder|grocery shopper rewards enrollment
ETS2026_T09|77|travel_transport|news_report|delay_cause_interview|fallen tree highway traffic delay
ETS2026_T09|80|technology|telephone_message|request_concern_arrangement|photo sharing application guideline revision
ETS2026_T09|83|travel_transport|instructions|assignment_goal_collaboration|airline operations handbook chapter authoring
ETS2026_T09|86|education_training|meeting_excerpt|visit_presentation_arrangements|international educators software company visit
ETS2026_T09|89|education_training|advertisement|career_training_resources|technology certification career training promotion
ETS2026_T09|92|retail_shopping|meeting_excerpt|agreement_results_caveat|exclusive sportswear store partnership results
ETS2026_T09|95|finance|meeting_excerpt|change_purpose_followup|municipal weekend parking fee revenue
ETS2026_T09|98|travel_transport|announcement|change_schedule_reminder|airline departure gate change
ETS2026_T10|32|retail_shopping|coworkers|news_expansion_benefits|music store expansion private lessons
ETS2026_T10|35|retail_shopping|customer_clerk|request_matching_instruction|office lobby logo color paint
ETS2026_T10|38|travel_transport|customer_clerk|problem_requirement_action|airline misplaced luggage recovery
ETS2026_T10|41|hr_hiring|manager_staff|welcome_duties_schedule|dental hygienist scheduling orientation
ETS2026_T10|44|manufacturing|manager_staff|review_concern_request|water permeable brick trade show design
ETS2026_T10|47|travel_transport|other|question_guidance_request|airport rideshare driver pickup directions
ETS2026_T10|50|travel_transport|other|delay_reason_alternative|bridge work bus traffic congestion
ETS2026_T10|53|retail_shopping|customer_clerk|problem_arrangement_handoff|camera lens change malfunction
ETS2026_T10|56|logistics_shipping|coworkers|delivery_verification_support|medical supply delivery storage
ETS2026_T10|59|customer_service|client_vendor|request_details_terms|bed and breakfast linen service
ETS2026_T10|62|events|customer_clerk|campaign_terms_notification|fitness equipment fundraising prize drawing
ETS2026_T10|65|retail_shopping|customer_clerk|occasion_selection_option|colleague promotion group flower gift
ETS2026_T10|68|manufacturing|manager_staff|welcome_process_duration|new farm employee grain storage orientation
ETS2026_T10|71|hr_hiring|workshop_training|welcome_background_setup|navigation device company onboarding
ETS2026_T10|74|travel_transport|announcement|delay_reason_safety|snow delayed aircraft departure
ETS2026_T10|77|events|news_report|closure_project_resources|zoological museum renovation closure
ETS2026_T10|80|retail_shopping|advertisement|product_process_invitation|custom jewelry video design consultation
ETS2026_T10|83|real_estate|podcast|guest_background_schedule|real estate investor conference guest
ETS2026_T10|86|education_training|workshop_training|topic_comparison_exercise|formal business correspondence rewriting
ETS2026_T10|89|office|news_report|dispute_response_expert|business logo similarity complaint
ETS2026_T10|92|dining|meeting_excerpt|system_findings_action|cafe refrigerator temperature monitoring
ETS2026_T10|95|office|meeting_excerpt|welcome_instruction_reminder|employee workshop form and cafeteria closure
ETS2026_T10|98|customer_service|telephone_message|appointment_guidance_duration|salon new client appointment parking
